{
    "loss": 1.7890390157699585,
    "accuracy": 0.597122311592102
}